1,1,2020-10-20
1,2,2020-10-20
1,3,2020-10-20
1,4,2020-10-20
1,5,2020-10-20
1,6,2020-10-20
1,7,2020-10-20
1,8,2020-10-20
1,9,2020-10-20
1,10,2020-10-20
1,11,2020-10-20
1,12,2020-10-20
1,13,2020-10-20
2,1,2020-10-21
2,2,2020-10-21
2,3,2020-10-21
2,4,2020-10-21
2,5,2020-10-21
2,6,2020-10-21
2,7,2020-10-21
2,8,2020-10-21
2,9,2020-10-21
2,10,2020-10-21
2,11,2020-10-21
2,12,2020-10-21
2,13,2020-10-21
2,14,2020-10-21
2,15,2020-10-21
2,16,2020-10-21
2,17,2020-10-21
2,18,2020-10-21
3,1,2020-10-22
3,2,2020-10-22
3,3,2020-10-22
3,4,2020-10-22
3,5,2020-10-22
3,6,2020-10-22
3,7,2020-10-22
3,8,2020-10-22
3,9,2020-10-22
3,10,2020-10-22
3,11,2020-10-22
3,12,2020-10-22
3,13,2020-10-22
3,14,2020-10-22
3,15,2020-10-22
3,16,2020-10-22
3,17,2020-10-22
3,18,2020-10-22
3,19,2020-10-22
3,20,2020-10-22
3,21,2020-10-22
3,22,2020-10-22
3,23,2020-10-22
3,24,2020-10-22
4,1,2020-10-23
4,2,2020-10-23
4,3,2020-10-23
4,4,2020-10-23
4,5,2020-10-23
4,6,2020-10-23
4,7,2020-10-23
4,8,2020-10-23
4,9,2020-10-23
4,10,2020-10-23
4,11,2020-10-23
4,12,2020-10-23
4,13,2020-10-23
4,14,2020-10-23
4,15,2020-10-23
4,16,2020-10-23
4,17,2020-10-23
4,18,2020-10-23
4,19,2020-10-23
4,20,2020-10-23
4,21,2020-10-23
4,22,2020-10-23
4,23,2020-10-23
4,24,2020-10-23
4,25,2020-10-23
4,26,2020-10-23
4,27,2020-10-23
4,28,2020-10-23
4,29,2020-10-23
4,30,2020-10-23
4,31,2020-10-23
5,1,2020-10-24
5,2,2020-10-24
5,3,2020-10-24
5,4,2020-10-24
5,5,2020-10-24
5,6,2020-10-24
5,7,2020-10-24
5,8,2020-10-24
5,9,2020-10-24
5,10,2020-10-24
5,11,2020-10-24
5,12,2020-10-24
5,13,2020-10-24
5,14,2020-10-24
5,15,2020-10-24
5,16,2020-10-24
5,17,2020-10-24
5,18,2020-10-24
5,19,2020-10-24
5,20,2020-10-24
5,21,2020-10-24
5,22,2020-10-24
5,23,2020-10-24
5,24,2020-10-24
5,25,2020-10-24
5,26,2020-10-24
5,27,2020-10-24
5,28,2020-10-24
5,29,2020-10-24
5,30,2020-10-24
5,31,2020-10-24
5,32,2020-10-24
5,33,2020-10-24
5,34,2020-10-24
5,35,2020-10-24
5,36,2020-10-24
5,37,2020-10-24
5,38,2020-10-24
5,39,2020-10-24
5,40,2020-10-24
6,1,2020-10-25
6,2,2020-10-25
6,3,2020-10-25
6,4,2020-10-25
6,5,2020-10-25
6,6,2020-10-25
6,7,2020-10-25
6,8,2020-10-25
6,9,2020-10-25
6,10,2020-10-25
6,11,2020-10-25
6,12,2020-10-25
6,13,2020-10-25
6,14,2020-10-25
6,15,2020-10-25
6,16,2020-10-25
6,17,2020-10-25
6,18,2020-10-25
6,19,2020-10-25
6,20,2020-10-25
6,21,2020-10-25
6,22,2020-10-25
6,23,2020-10-25
6,24,2020-10-25
6,25,2020-10-25
6,26,2020-10-25
6,27,2020-10-25
6,28,2020-10-25
6,29,2020-10-25
6,30,2020-10-25
6,31,2020-10-25
6,32,2020-10-25
6,33,2020-10-25
6,34,2020-10-25
6,35,2020-10-25
6,36,2020-10-25
6,37,2020-10-25
6,38,2020-10-25
6,39,2020-10-25
6,40,2020-10-25
6,41,2020-10-25
6,42,2020-10-25
6,43,2020-10-25
6,44,2020-10-25
6,45,2020-10-25
6,46,2020-10-25
6,47,2020-10-25
6,48,2020-10-25
6,49,2020-10-25
6,50,2020-10-25
7,1,2020-10-26
7,2,2020-10-26
7,3,2020-10-26
7,4,2020-10-26
7,5,2020-10-26
7,6,2020-10-26
7,7,2020-10-26
7,8,2020-10-26
7,9,2020-10-26
7,10,2020-10-26
7,11,2020-10-26
7,12,2020-10-26
7,13,2020-10-26
7,14,2020-10-26
7,15,2020-10-26
7,16,2020-10-26
7,17,2020-10-26
7,18,2020-10-26
7,19,2020-10-26
7,20,2020-10-26
7,21,2020-10-26
7,22,2020-10-26
7,23,2020-10-26
7,24,2020-10-26
7,25,2020-10-26
7,26,2020-10-26
7,27,2020-10-26
7,28,2020-10-26
7,29,2020-10-26
7,30,2020-10-26
7,31,2020-10-26
7,32,2020-10-26
7,33,2020-10-26
7,34,2020-10-26
7,35,2020-10-26
7,36,2020-10-26
7,37,2020-10-26
7,38,2020-10-26
7,39,2020-10-26
7,40,2020-10-26
7,41,2020-10-26
7,42,2020-10-26
7,43,2020-10-26
7,44,2020-10-26
7,45,2020-10-26
7,46,2020-10-26
7,47,2020-10-26
7,48,2020-10-26
7,49,2020-10-26
7,50,2020-10-26
7,51,2020-10-26
7,52,2020-10-26
7,53,2020-10-26
7,54,2020-10-26
7,55,2020-10-26
7,56,2020-10-26
7,57,2020-10-26
7,58,2020-10-26
7,59,2020-10-26
7,60,2020-10-26
8,1,2020-10-27
8,2,2020-10-27
8,3,2020-10-27
8,4,2020-10-27
8,5,2020-10-27
8,6,2020-10-27
8,7,2020-10-27
8,8,2020-10-27
8,9,2020-10-27
8,10,2020-10-27
8,11,2020-10-27
8,12,2020-10-27
8,13,2020-10-27
8,14,2020-10-27
8,15,2020-10-27
8,16,2020-10-27
8,17,2020-10-27
8,18,2020-10-27
8,19,2020-10-27
8,20,2020-10-27
8,21,2020-10-27
8,22,2020-10-27
8,23,2020-10-27
8,24,2020-10-27
8,25,2020-10-27
8,26,2020-10-27
8,27,2020-10-27
8,28,2020-10-27
8,29,2020-10-27
8,30,2020-10-27
8,31,2020-10-27
8,32,2020-10-27
8,33,2020-10-27
8,34,2020-10-27
8,35,2020-10-27
8,36,2020-10-27
8,37,2020-10-27
8,38,2020-10-27
8,39,2020-10-27
8,40,2020-10-27
8,41,2020-10-27
8,42,2020-10-27
8,43,2020-10-27
8,44,2020-10-27
8,45,2020-10-27
8,46,2020-10-27
8,47,2020-10-27
8,48,2020-10-27
8,49,2020-10-27
8,50,2020-10-27
8,51,2020-10-27
8,52,2020-10-27
8,53,2020-10-27
8,54,2020-10-27
8,55,2020-10-27
8,56,2020-10-27
8,57,2020-10-27
8,58,2020-10-27
8,59,2020-10-27
8,60,2020-10-27
8,61,2020-10-27
8,62,2020-10-27
8,63,2020-10-27
8,64,2020-10-27
8,65,2020-10-27
8,66,2020-10-27
8,67,2020-10-27
9,1,2020-10-28
9,2,2020-10-28
9,3,2020-10-28
9,4,2020-10-28
9,5,2020-10-28
9,6,2020-10-28
9,7,2020-10-28
9,8,2020-10-28
9,9,2020-10-28
9,10,2020-10-28
9,11,2020-10-28
9,12,2020-10-28
9,13,2020-10-28
9,14,2020-10-28
9,15,2020-10-28
9,16,2020-10-28
9,17,2020-10-28
9,18,2020-10-28
9,19,2020-10-28
9,20,2020-10-28
9,21,2020-10-28
9,22,2020-10-28
9,23,2020-10-28
9,24,2020-10-28
9,25,2020-10-28
9,26,2020-10-28
9,27,2020-10-28
9,28,2020-10-28
9,29,2020-10-28
9,30,2020-10-28
9,31,2020-10-28
9,32,2020-10-28
9,33,2020-10-28
9,34,2020-10-28
9,35,2020-10-28
9,36,2020-10-28
9,37,2020-10-28
9,38,2020-10-28
9,39,2020-10-28
9,40,2020-10-28
9,41,2020-10-28
9,42,2020-10-28
9,43,2020-10-28
9,44,2020-10-28
9,45,2020-10-28
9,46,2020-10-28
9,47,2020-10-28
9,48,2020-10-28
9,49,2020-10-28
9,50,2020-10-28
9,51,2020-10-28
9,52,2020-10-28
9,53,2020-10-28
9,54,2020-10-28
9,55,2020-10-28
9,56,2020-10-28
9,57,2020-10-28
9,58,2020-10-28
9,59,2020-10-28
9,60,2020-10-28
9,61,2020-10-28
9,62,2020-10-28
9,63,2020-10-28
9,64,2020-10-28
9,65,2020-10-28
9,66,2020-10-28
9,67,2020-10-28
10,1,2020-10-29
10,2,2020-10-29
10,3,2020-10-29
10,4,2020-10-29
10,5,2020-10-29
10,6,2020-10-29
10,7,2020-10-29
10,8,2020-10-29
10,9,2020-10-29
10,10,2020-10-29
10,11,2020-10-29
10,12,2020-10-29
10,13,2020-10-29
10,14,2020-10-29
10,15,2020-10-29
10,16,2020-10-29
10,17,2020-10-29
10,18,2020-10-29
10,19,2020-10-29
10,20,2020-10-29
10,21,2020-10-29
10,22,2020-10-29
10,23,2020-10-29
10,24,2020-10-29
10,25,2020-10-29
10,26,2020-10-29
10,27,2020-10-29
10,28,2020-10-29
10,29,2020-10-29
10,30,2020-10-29
10,31,2020-10-29
10,32,2020-10-29
10,33,2020-10-29
10,34,2020-10-29
10,35,2020-10-29
10,36,2020-10-29
10,37,2020-10-29
10,38,2020-10-29
10,39,2020-10-29
10,40,2020-10-29
10,41,2020-10-29
10,42,2020-10-29
10,43,2020-10-29
10,44,2020-10-29
10,45,2020-10-29
10,46,2020-10-29
10,47,2020-10-29
10,48,2020-10-29
10,49,2020-10-29
10,50,2020-10-29
10,51,2020-10-29
10,52,2020-10-29
10,53,2020-10-29
10,54,2020-10-29
10,55,2020-10-29
10,56,2020-10-29
10,57,2020-10-29
10,58,2020-10-29
10,59,2020-10-29
10,60,2020-10-29
10,61,2020-10-29
10,62,2020-10-29
10,63,2020-10-29
10,64,2020-10-29
10,65,2020-10-29
10,66,2020-10-29
10,67,2020-10-29
10,68,2020-10-29
10,69,2020-10-29
10,70,2020-10-29
10,71,2020-10-29
11,1,2020-10-30
11,2,2020-10-30
11,3,2020-10-30
11,4,2020-10-30
11,5,2020-10-30
11,6,2020-10-30
11,7,2020-10-30
11,8,2020-10-30
11,9,2020-10-30
11,10,2020-10-30
11,11,2020-10-30
11,12,2020-10-30
11,13,2020-10-30
11,14,2020-10-30
11,15,2020-10-30
11,16,2020-10-30
11,17,2020-10-30
11,18,2020-10-30
11,19,2020-10-30
11,20,2020-10-30
11,21,2020-10-30
11,22,2020-10-30
11,23,2020-10-30
11,24,2020-10-30
11,25,2020-10-30
11,26,2020-10-30
11,27,2020-10-30
11,28,2020-10-30
11,29,2020-10-30
11,30,2020-10-30
11,31,2020-10-30
11,32,2020-10-30
11,33,2020-10-30
11,34,2020-10-30
11,35,2020-10-30
11,36,2020-10-30
11,37,2020-10-30
11,38,2020-10-30
11,39,2020-10-30
11,40,2020-10-30
11,41,2020-10-30
11,42,2020-10-30
11,43,2020-10-30
11,44,2020-10-30
11,45,2020-10-30
11,46,2020-10-30
11,47,2020-10-30
11,48,2020-10-30
11,49,2020-10-30
11,50,2020-10-30
11,51,2020-10-30
11,52,2020-10-30
11,53,2020-10-30
11,54,2020-10-30
11,55,2020-10-30
11,56,2020-10-30
11,57,2020-10-30
11,58,2020-10-30
11,59,2020-10-30
11,60,2020-10-30
11,61,2020-10-30
11,62,2020-10-30
11,63,2020-10-30
11,64,2020-10-30
11,65,2020-10-30
11,66,2020-10-30
11,67,2020-10-30
11,68,2020-10-30
11,69,2020-10-30
11,70,2020-10-30
11,71,2020-10-30
11,72,2020-10-30
11,73,2020-10-30
11,74,2020-10-30
11,75,2020-10-30
11,76,2020-10-30
11,77,2020-10-30
11,78,2020-10-30
11,79,2020-10-30
11,80,2020-10-30
12,1,2020-10-31
12,2,2020-10-31
12,3,2020-10-31
12,4,2020-10-31
12,5,2020-10-31
12,6,2020-10-31
12,7,2020-10-31
12,8,2020-10-31
12,9,2020-10-31
12,10,2020-10-31
12,11,2020-10-31
12,12,2020-10-31
12,13,2020-10-31
12,14,2020-10-31
12,15,2020-10-31
12,16,2020-10-31
12,17,2020-10-31
12,18,2020-10-31
12,19,2020-10-31
12,20,2020-10-31
12,21,2020-10-31
12,22,2020-10-31
12,23,2020-10-31
12,24,2020-10-31
12,25,2020-10-31
12,26,2020-10-31
12,27,2020-10-31
12,28,2020-10-31
12,29,2020-10-31
12,30,2020-10-31
12,31,2020-10-31
12,32,2020-10-31
12,33,2020-10-31
12,34,2020-10-31
12,35,2020-10-31
12,36,2020-10-31
12,37,2020-10-31
12,38,2020-10-31
12,39,2020-10-31
12,40,2020-10-31
12,41,2020-10-31
12,42,2020-10-31
12,43,2020-10-31
12,44,2020-10-31
12,45,2020-10-31
12,46,2020-10-31
12,47,2020-10-31
12,48,2020-10-31
12,49,2020-10-31
12,50,2020-10-31
12,51,2020-10-31
12,52,2020-10-31
12,53,2020-10-31
12,54,2020-10-31
12,55,2020-10-31
12,56,2020-10-31
12,57,2020-10-31
12,58,2020-10-31
12,59,2020-10-31
12,60,2020-10-31
12,61,2020-10-31
12,62,2020-10-31
12,63,2020-10-31
12,64,2020-10-31
12,65,2020-10-31
12,66,2020-10-31
12,67,2020-10-31
12,68,2020-10-31
12,69,2020-10-31
12,70,2020-10-31
12,71,2020-10-31
12,72,2020-10-31
12,73,2020-10-31
12,74,2020-10-31
12,75,2020-10-31
12,76,2020-10-31
12,77,2020-10-31
12,78,2020-10-31
12,79,2020-10-31
12,80,2020-10-31
12,81,2020-10-31
13,1,2020-11-01
13,2,2020-11-01
13,3,2020-11-01
13,4,2020-11-01
13,5,2020-11-01
13,6,2020-11-01
13,7,2020-11-01
13,8,2020-11-01
13,9,2020-11-01
13,10,2020-11-01
13,11,2020-11-01
13,12,2020-11-01
13,13,2020-11-01
13,14,2020-11-01
13,15,2020-11-01
13,16,2020-11-01
13,17,2020-11-01
13,18,2020-11-01
13,19,2020-11-01
13,20,2020-11-01
13,21,2020-11-01
13,22,2020-11-01
13,23,2020-11-01
13,24,2020-11-01
13,25,2020-11-01
13,26,2020-11-01
13,27,2020-11-01
13,28,2020-11-01
13,29,2020-11-01
13,30,2020-11-01
13,31,2020-11-01
13,32,2020-11-01
13,33,2020-11-01
13,34,2020-11-01
13,35,2020-11-01
13,36,2020-11-01
13,37,2020-11-01
13,38,2020-11-01
13,39,2020-11-01
13,40,2020-11-01
13,41,2020-11-01
13,42,2020-11-01
13,43,2020-11-01
13,44,2020-11-01
13,45,2020-11-01
13,46,2020-11-01
13,47,2020-11-01
13,48,2020-11-01
13,49,2020-11-01
13,50,2020-11-01
13,51,2020-11-01
13,52,2020-11-01
13,53,2020-11-01
13,54,2020-11-01
13,55,2020-11-01
13,56,2020-11-01
13,57,2020-11-01
13,58,2020-11-01
13,59,2020-11-01
13,60,2020-11-01
13,61,2020-11-01
13,62,2020-11-01
13,63,2020-11-01
13,64,2020-11-01
13,65,2020-11-01
13,66,2020-11-01
13,67,2020-11-01
13,68,2020-11-01
13,69,2020-11-01
13,70,2020-11-01
13,71,2020-11-01
13,72,2020-11-01
13,73,2020-11-01
13,74,2020-11-01
13,75,2020-11-01
13,76,2020-11-01
13,77,2020-11-01
13,78,2020-11-01
13,79,2020-11-01
13,80,2020-11-01
13,81,2020-11-01
14,1,2020-11-02
14,2,2020-11-02
14,3,2020-11-02
14,4,2020-11-02
14,5,2020-11-02
14,6,2020-11-02
14,7,2020-11-02
14,8,2020-11-02
14,9,2020-11-02
14,10,2020-11-02
14,11,2020-11-02
14,12,2020-11-02
14,13,2020-11-02
14,14,2020-11-02
14,15,2020-11-02
14,16,2020-11-02
14,17,2020-11-02
14,18,2020-11-02
14,19,2020-11-02
14,20,2020-11-02
14,21,2020-11-02
14,22,2020-11-02
14,23,2020-11-02
14,24,2020-11-02
14,25,2020-11-02
14,26,2020-11-02
14,27,2020-11-02
14,28,2020-11-02
14,29,2020-11-02
14,30,2020-11-02
14,31,2020-11-02
14,32,2020-11-02
14,33,2020-11-02
14,34,2020-11-02
14,35,2020-11-02
14,36,2020-11-02
14,37,2020-11-02
14,38,2020-11-02
14,39,2020-11-02
14,40,2020-11-02
14,41,2020-11-02
14,42,2020-11-02
14,43,2020-11-02
14,44,2020-11-02
14,45,2020-11-02
14,46,2020-11-02
14,47,2020-11-02
14,48,2020-11-02
14,49,2020-11-02
14,50,2020-11-02
14,51,2020-11-02
14,52,2020-11-02
14,53,2020-11-02
14,54,2020-11-02
14,55,2020-11-02
14,56,2020-11-02
14,57,2020-11-02
14,58,2020-11-02
14,59,2020-11-02
14,60,2020-11-02
14,61,2020-11-02
14,62,2020-11-02
14,63,2020-11-02
14,64,2020-11-02
14,65,2020-11-02
14,66,2020-11-02
14,67,2020-11-02
14,68,2020-11-02
14,69,2020-11-02
14,70,2020-11-02
14,71,2020-11-02
14,72,2020-11-02
14,73,2020-11-02
14,74,2020-11-02
14,75,2020-11-02
14,76,2020-11-02
14,77,2020-11-02
14,78,2020-11-02
14,79,2020-11-02
14,80,2020-11-02
14,81,2020-11-02
14,82,2020-11-02
14,83,2020-11-02
14,84,2020-11-02
14,85,2020-11-02
15,1,2020-11-03
15,2,2020-11-03
15,3,2020-11-03
15,4,2020-11-03
15,5,2020-11-03
15,6,2020-11-03
15,7,2020-11-03
15,8,2020-11-03
15,9,2020-11-03
15,10,2020-11-03
15,11,2020-11-03
15,12,2020-11-03
15,13,2020-11-03
15,14,2020-11-03
15,15,2020-11-03
15,16,2020-11-03
15,17,2020-11-03
15,18,2020-11-03
15,19,2020-11-03
15,20,2020-11-03
15,21,2020-11-03
15,22,2020-11-03
15,23,2020-11-03
15,24,2020-11-03
15,25,2020-11-03
15,26,2020-11-03
15,27,2020-11-03
15,28,2020-11-03
15,29,2020-11-03
15,30,2020-11-03
15,31,2020-11-03
15,32,2020-11-03
15,33,2020-11-03
15,34,2020-11-03
15,35,2020-11-03
15,36,2020-11-03
15,37,2020-11-03
15,38,2020-11-03
15,39,2020-11-03
15,40,2020-11-03
15,41,2020-11-03
15,42,2020-11-03
15,43,2020-11-03
15,44,2020-11-03
15,45,2020-11-03
15,46,2020-11-03
15,47,2020-11-03
15,48,2020-11-03
15,49,2020-11-03
15,50,2020-11-03
15,51,2020-11-03
15,52,2020-11-03
15,53,2020-11-03
15,54,2020-11-03
15,55,2020-11-03
15,56,2020-11-03
15,57,2020-11-03
15,58,2020-11-03
15,59,2020-11-03
15,60,2020-11-03
15,61,2020-11-03
15,62,2020-11-03
15,63,2020-11-03
15,64,2020-11-03
15,65,2020-11-03
15,66,2020-11-03
15,67,2020-11-03
15,68,2020-11-03
15,69,2020-11-03
15,70,2020-11-03
15,71,2020-11-03
15,72,2020-11-03
15,73,2020-11-03
15,74,2020-11-03
15,75,2020-11-03
15,76,2020-11-03
15,77,2020-11-03
15,78,2020-11-03
15,79,2020-11-03
15,80,2020-11-03
15,81,2020-11-03
15,82,2020-11-03
15,83,2020-11-03
15,84,2020-11-03
15,85,2020-11-03
15,86,2020-11-03
15,87,2020-11-03
15,88,2020-11-03
15,89,2020-11-03
15,90,2020-11-03
16,1,2020-11-04
16,2,2020-11-04
16,3,2020-11-04
16,4,2020-11-04
16,5,2020-11-04
16,6,2020-11-04
16,7,2020-11-04
16,8,2020-11-04
16,9,2020-11-04
16,10,2020-11-04
16,11,2020-11-04
16,12,2020-11-04
16,13,2020-11-04
16,14,2020-11-04
16,15,2020-11-04
16,16,2020-11-04
16,17,2020-11-04
16,18,2020-11-04
16,19,2020-11-04
16,20,2020-11-04
16,21,2020-11-04
16,22,2020-11-04
16,23,2020-11-04
16,24,2020-11-04
16,25,2020-11-04
16,26,2020-11-04
16,27,2020-11-04
16,28,2020-11-04
16,29,2020-11-04
16,30,2020-11-04
16,31,2020-11-04
16,32,2020-11-04
16,33,2020-11-04
16,34,2020-11-04
16,35,2020-11-04
16,36,2020-11-04
16,37,2020-11-04
16,38,2020-11-04
16,39,2020-11-04
16,40,2020-11-04
16,41,2020-11-04
16,42,2020-11-04
16,43,2020-11-04
16,44,2020-11-04
16,45,2020-11-04
16,46,2020-11-04
16,47,2020-11-04
16,48,2020-11-04
16,49,2020-11-04
16,50,2020-11-04
16,51,2020-11-04
16,52,2020-11-04
16,53,2020-11-04
16,54,2020-11-04
16,55,2020-11-04
16,56,2020-11-04
16,57,2020-11-04
16,58,2020-11-04
16,59,2020-11-04
16,60,2020-11-04
16,61,2020-11-04
16,62,2020-11-04
16,63,2020-11-04
16,64,2020-11-04
16,65,2020-11-04
16,66,2020-11-04
16,67,2020-11-04
16,68,2020-11-04
16,69,2020-11-04
16,70,2020-11-04
16,71,2020-11-04
16,72,2020-11-04
16,73,2020-11-04
16,74,2020-11-04
16,75,2020-11-04
16,76,2020-11-04
16,77,2020-11-04
16,78,2020-11-04
16,79,2020-11-04
16,80,2020-11-04
16,81,2020-11-04
16,82,2020-11-04
16,83,2020-11-04
16,84,2020-11-04
16,85,2020-11-04
16,86,2020-11-04
16,87,2020-11-04
16,88,2020-11-04
16,89,2020-11-04
16,90,2020-11-04
17,1,2020-11-05
17,2,2020-11-05
17,3,2020-11-05
17,4,2020-11-05
17,5,2020-11-05
17,6,2020-11-05
17,7,2020-11-05
17,8,2020-11-05
17,9,2020-11-05
17,10,2020-11-05
17,11,2020-11-05
17,12,2020-11-05
17,13,2020-11-05
17,14,2020-11-05
17,15,2020-11-05
17,16,2020-11-05
17,17,2020-11-05
17,18,2020-11-05
17,19,2020-11-05
17,20,2020-11-05
17,21,2020-11-05
17,22,2020-11-05
17,23,2020-11-05
17,24,2020-11-05
17,25,2020-11-05
17,26,2020-11-05
17,27,2020-11-05
17,28,2020-11-05
17,29,2020-11-05
17,30,2020-11-05
17,31,2020-11-05
17,32,2020-11-05
17,33,2020-11-05
17,34,2020-11-05
17,35,2020-11-05
17,36,2020-11-05
17,37,2020-11-05
17,38,2020-11-05
17,39,2020-11-05
17,40,2020-11-05
17,41,2020-11-05
17,42,2020-11-05
17,43,2020-11-05
17,44,2020-11-05
17,45,2020-11-05
17,46,2020-11-05
17,47,2020-11-05
17,48,2020-11-05
17,49,2020-11-05
17,50,2020-11-05
17,51,2020-11-05
17,52,2020-11-05
17,53,2020-11-05
17,54,2020-11-05
17,55,2020-11-05
17,56,2020-11-05
17,57,2020-11-05
17,58,2020-11-05
17,59,2020-11-05
17,60,2020-11-05
17,61,2020-11-05
17,62,2020-11-05
17,63,2020-11-05
17,64,2020-11-05
17,65,2020-11-05
17,66,2020-11-05
17,67,2020-11-05
17,68,2020-11-05
17,69,2020-11-05
17,70,2020-11-05
17,71,2020-11-05
17,72,2020-11-05
17,73,2020-11-05
17,74,2020-11-05
17,75,2020-11-05
17,76,2020-11-05
17,77,2020-11-05
17,78,2020-11-05
17,79,2020-11-05
17,80,2020-11-05
17,81,2020-11-05
17,82,2020-11-05
17,83,2020-11-05
17,84,2020-11-05
17,85,2020-11-05
17,86,2020-11-05
17,87,2020-11-05
17,88,2020-11-05
17,89,2020-11-05
17,90,2020-11-05
17,91,2020-11-05
17,92,2020-11-05
17,93,2020-11-05
17,94,2020-11-05
17,95,2020-11-05
18,1,2020-11-06
18,2,2020-11-06
18,3,2020-11-06
18,4,2020-11-06
18,5,2020-11-06
18,6,2020-11-06
18,7,2020-11-06
18,8,2020-11-06
18,9,2020-11-06
18,10,2020-11-06
18,11,2020-11-06
18,12,2020-11-06
18,13,2020-11-06
18,14,2020-11-06
18,15,2020-11-06
18,16,2020-11-06
18,17,2020-11-06
18,18,2020-11-06
18,19,2020-11-06
18,20,2020-11-06
18,21,2020-11-06
18,22,2020-11-06
18,23,2020-11-06
18,24,2020-11-06
18,25,2020-11-06
18,26,2020-11-06
18,27,2020-11-06
18,28,2020-11-06
18,29,2020-11-06
18,30,2020-11-06
18,31,2020-11-06
18,32,2020-11-06
18,33,2020-11-06
18,34,2020-11-06
18,35,2020-11-06
18,36,2020-11-06
18,37,2020-11-06
18,38,2020-11-06
18,39,2020-11-06
18,40,2020-11-06
18,41,2020-11-06
18,42,2020-11-06
18,43,2020-11-06
18,44,2020-11-06
18,45,2020-11-06
18,46,2020-11-06
18,47,2020-11-06
18,48,2020-11-06
18,49,2020-11-06
18,50,2020-11-06
18,51,2020-11-06
18,52,2020-11-06
18,53,2020-11-06
18,54,2020-11-06
18,55,2020-11-06
18,56,2020-11-06
18,57,2020-11-06
18,58,2020-11-06
18,59,2020-11-06
18,60,2020-11-06
18,61,2020-11-06
18,62,2020-11-06
18,63,2020-11-06
18,64,2020-11-06
18,65,2020-11-06
18,66,2020-11-06
18,67,2020-11-06
18,68,2020-11-06
18,69,2020-11-06
18,70,2020-11-06
18,71,2020-11-06
18,72,2020-11-06
18,73,2020-11-06
18,74,2020-11-06
18,75,2020-11-06
18,76,2020-11-06
18,77,2020-11-06
18,78,2020-11-06
18,79,2020-11-06
18,80,2020-11-06
18,81,2020-11-06
18,82,2020-11-06
18,83,2020-11-06
18,84,2020-11-06
18,85,2020-11-06
18,86,2020-11-06
18,87,2020-11-06
18,88,2020-11-06
18,89,2020-11-06
18,90,2020-11-06
18,91,2020-11-06
18,92,2020-11-06
18,93,2020-11-06
18,94,2020-11-06
18,95,2020-11-06
18,96,2020-11-06
18,97,2020-11-06
19,1,2020-11-07
19,2,2020-11-07
19,3,2020-11-07
19,4,2020-11-07
19,5,2020-11-07
19,6,2020-11-07
19,7,2020-11-07
19,8,2020-11-07
19,9,2020-11-07
19,10,2020-11-07
19,11,2020-11-07
19,12,2020-11-07
19,13,2020-11-07
19,14,2020-11-07
19,15,2020-11-07
19,16,2020-11-07
19,17,2020-11-07
19,18,2020-11-07
19,19,2020-11-07
19,20,2020-11-07
19,21,2020-11-07
19,22,2020-11-07
19,23,2020-11-07
19,24,2020-11-07
19,25,2020-11-07
19,26,2020-11-07
19,27,2020-11-07
19,28,2020-11-07
19,29,2020-11-07
19,30,2020-11-07
19,31,2020-11-07
19,32,2020-11-07
19,33,2020-11-07
19,34,2020-11-07
19,35,2020-11-07
19,36,2020-11-07
19,37,2020-11-07
19,38,2020-11-07
19,39,2020-11-07
19,40,2020-11-07
19,41,2020-11-07
19,42,2020-11-07
19,43,2020-11-07
19,44,2020-11-07
19,45,2020-11-07
19,46,2020-11-07
19,47,2020-11-07
19,48,2020-11-07
19,49,2020-11-07
19,50,2020-11-07
19,51,2020-11-07
19,52,2020-11-07
19,53,2020-11-07
19,54,2020-11-07
19,55,2020-11-07
19,56,2020-11-07
19,57,2020-11-07
19,58,2020-11-07
19,59,2020-11-07
19,60,2020-11-07
19,61,2020-11-07
19,62,2020-11-07
19,63,2020-11-07
19,64,2020-11-07
19,65,2020-11-07
19,66,2020-11-07
19,67,2020-11-07
19,68,2020-11-07
19,69,2020-11-07
19,70,2020-11-07
19,71,2020-11-07
19,72,2020-11-07
19,73,2020-11-07
19,74,2020-11-07
19,75,2020-11-07
19,76,2020-11-07
19,77,2020-11-07
19,78,2020-11-07
19,79,2020-11-07
19,80,2020-11-07
19,81,2020-11-07
19,82,2020-11-07
19,83,2020-11-07
19,84,2020-11-07
19,85,2020-11-07
19,86,2020-11-07
19,87,2020-11-07
19,88,2020-11-07
19,89,2020-11-07
19,90,2020-11-07
19,91,2020-11-07
19,92,2020-11-07
19,93,2020-11-07
19,94,2020-11-07
19,95,2020-11-07
19,96,2020-11-07
19,97,2020-11-07
19,98,2020-11-07
19,99,2020-11-07
19,100,2020-11-07